	{

		"metadata": {
			"formatVersion" : 3.1,
			"generatedBy"   : "Blender 2.7 Exporter",
			"vertices"      : 4,
			"faces"         : 1,
			"normals"       : 1,
			"colors"        : 0,
			"uvs"           : [4],
			"materials"     : 1,
			"morphTargets"  : 0,
			"bones"         : 0
		},

			"scale" : 1.000000,
			
			"vertices" : [-244.942,-0.00745022,245.151,244.923,-0.00745022,245.151,-244.942,-0.00747163,-244.714,244.923,-0.00747163,-244.714],
			"faces"    : [43,0,1,3,2,0,0,1,2,3,0,0,0,0],
			"uvs"      : [[-177.785,-177.785,178.785,-177.785,178.785,178.785,-177.785,178.785]],
			"normals"  : [0,1,0],
			
			"skinIndices"  : [],
			"skinWeights"  : [],
			"morphTargets" : [],
			
			"bones"      : [],
			"animations" : [],
			
			"colors"    : [],
			"materials" : [
				{
					"DbgColor": 15658734,
					"DbgIndex": 0,
					"DbgName": "Material.005",
					"blending": "NormalBlending",
					"colorAmbient": [0.0, 0.0, 0.0],
					"colorDiffuse": [0.800000011920929, 0.800000011920929, 0.800000011920929],
					"colorEmissive": [8.00000011920929, 8.00000011920929, 8.00000011920929],
					"colorSpecular": [0.5, 0.5, 0.5],
					"depthTest": true,
					"depthWrite": true,
					"mapDiffuse": "tile.png",
					"mapDiffuseWrap": ["repeat", "repeat"],
					"shading": "Lambert",
					"specularCoef": 50,
					"transparency": 1.0,
					"transparent": false,
					"vertexColors": false
				}
			]


	}
